CONS_NO,theft_start_date
BFA32BF8F2DA05447F6FEFACB0849580,2014-08-05
69F2A91828B2DCF2B69AD3C77900DACA,2014-06-10
90C90FC917A27AD48878D70A3380A245,2014-02-21
951D5DC7EB787F937C831E9002755C51,2014-06-11
2A81B03ED5351943CA5A321D90E48311,2014-03-12
BF0744C37671D5E8761768FAC97CF1AF,2014-10-22
E24D2003BB62B9AA730ADAC58C3381B7,2014-05-11
9495BA31FC50C86D827FE1D5B1D8773B,2015-02-01
B863662FFE6AF2272F5E9749C6CFC0AC,2014-10-16
9BE0F54BC5AB5595673B0EAA6985152C,2016-01-27
014B914F4B84A1FD2D83E96EAE645C06,2014-02-20
C00475D563671FBF95211568E2FD67D4,2016-03-06
F46F51D3FD4249ED2D41247A4F22BD99,2014-09-13
F1647D71CA98F7E352497203C8611E7E,2016-01-01
0FF39D2D5DA66D863ABBBEF936079175,
55BBC0C27256A21A1F86873796E2FB90,2014-10-21
497E5F672F723AA33A56C44A7BBA88F5,2016-04-12
509C90C5D750FDB33F5B03FC35566165,2016-01-21
E3E1EB168E7A5B09826358F393AE2A28,2015-10-13
2F824A7AD7C8CA5BD3E5387E1F823765,2014-07-06
0D2AEDDF96AF5EF2DCC3A78471655BE8,2014-03-12
3E4782633DC6DA680B0F0885F9D96F52,2014-06-15
6A7493A53C0674EB5BE372F6B05862EC,2016-03-26
3C2CCB2FA382CFB6D94BA9695A9E65C9,2014-03-07
DE8E1EAE4E578C0CEF92D1E23499888F,2014-10-05
6CAABFED9A8705FEBAF23EA110A6C119,2016-05-15
1BA56D68B7E76F48354F8C4BDC8ECBF0,2014-01-21
A96035E3DFF0649980DA14932BB0685B,2014-09-12
AA22B0B5D6FB5652DC7F168328335835,2015-03-09
CC20362FC534A57BB37B84F009106947,2014-03-22
DB57CB0C40DC400C6D3365E306280B79,2014-02-25
AD593EF7A755AAA7B84654D882A859FD,2014-06-29
DE9EB95588993AE543A3994F8FB38DF0,2014-05-26
1499892350FA20DD2F42C49BC4133551,2014-09-28
82B5D660002870626285C8C8B6340877,2014-06-11
0447BC7B5ADE9A055F58BCA3B09C8080,2016-03-31
DC74BCA251EFB918953119DB10B98EE9,2015-06-15
89CC49C28DCBADB9058F467E75800F56,2014-11-05
79BB0A8C6CE7E7B6C017525D76960C4D,2016-05-05
67FE5D7BD62797436B4985A4E918308A,
23CAA52D939901287EE069998BDA9E92,2014-03-05
DAEBE2D0654DA4A0E1F3A5B922C47B39,2014-04-11
861941ECB983DD3066942AB3C94AD15A,2014-06-20
D9FB2316AA9251C219C0865011EBDEB9,2014-07-11
E24AC6F28F330CCDBAEAFCD82E86609B,2014-02-20
924C11F35655117DF7856D2E7787CFA7,
61EAE6AC216EA223C5D18B5302610DC4,2016-01-01
CF87B7EFCC7A2780B120C0E8E0034F74,2016-04-12
286A98B5150154254622512DBA29B352,2014-02-25
74A26AA415366ABF3402C5CCC173B7CE,2016-06-09
6A16891E67F9D0725B82AD976F5858AC,2014-04-10
86389EE6F32A43F90209F552BB623254,2014-03-29
F5C934D799282C72C987FC025E728543,2015-07-16
46CD68F54D9DCC6E76B673547586B0B7,2016-01-01
565C9F64210DEB621663DB4A7E52E6E9,2014-03-18
C47B61B591BC635A409DD29464724C9F,2014-05-26
D63AFEF1F492B2ED8339BAA427858D15,2014-01-11
3CC8959A5C90F8B6F58242FEB03796B9,2014-01-26
3DB30EA9E430F8F18BF935AA0F507DDA,2016-05-05
010EFF7A16C2531920C69D92E8943C99,2016-02-04
AC56D4A8437DDAC84F2F7834D7663842,2016-01-21
737E37AD204856BD9B7AC0654529B96D,2016-04-09
4D0B40D3376C1AC482DF3591330753D5,2014-12-18
2F5C4141C4F40D1DF060048C23D5A555,2016-06-14
0CE2160A1187A1676F798B5848A1774D,2014-05-17
1BC425A74948B48CED2DD171224E219C,2014-07-04
84DF2B6B44BA3B64D43674821FAFC6E1,2014-04-15
771416C50701F2A281C361037F75E098,2016-01-03
656ABDB5BA267115716553791211D175,2014-06-15
BA7AD479A6DED457DD2AAA7C841E07AF,2014-06-20
E7EB2F4A3E4BD2321FFE3278E72774DF,2014-02-21
02ED8BD5F9723B69FE571F9B46B2F03A,2014-05-21
608D3686A94CCF687EE5E1D179658FB1,2014-10-07
D8EF2338DD1815DB45E0470F2FF37406,2014-07-06
3B4C47A78173A04AB0726EB92AC0E121,2014-02-10
C2561079E87CA7028EBE3D571208FC90,2016-05-25
67401768ADEDE27B28C2FC9B397AF0BA,2014-06-16
6BD04DCABC15FF9CAA40252547984C43,2016-03-01
620E9685A1D2F4C35855EF1A3E0968AB,2016-01-31
1483F29ADF4437C65812D4A2932BAC9A,2014-03-13
9D2F0B2B646E7E72AB5B31E6B8A6C1D5,2014-12-03
1C15D79ECF7CD9C7E4596577C9EE4032,2014-11-07
D14D1BE7BAFEA1A64874F5C46D768B98,2014-05-31
1C00BB2E851B50CF3DA33517F71D23C5,2014-02-15
5C3532F57113B772F8606ED1C82491DE,2014-08-14
64E0E2FEF611E861CC8DB31E99847940,2016-01-01
382BC954BE17E8265BADF5B370A3A76F,2014-07-16
32A2094EA38DD12EEFA82B9E585E5FC5,2014-08-28
2F37EFEA2D827096FD0F31B68D58D94D,2016-06-30
8FA8003CAAB6DE406E70642E64A24E8E,2014-01-26
4F1E92C6A9EC2079B676660FA62ECA85,2016-03-31
850DB31D373CB95A5F0616025CD95F25,2014-04-01
B415F931D3BFB17ACEF48BC648B04FC2,2014-04-22
DBD33F00F666E5103CC21B917971BF36,2014-02-10
A17C07F38809E1E381E2C0EF0A39BF41,2016-05-08
73BCF6FCD5B7AE3B05BAF506536E93E0,2014-05-30
C5695F151BDEFDA583E9042B754E751C,2016-05-25
71BD60B3F005C5E0C847188E19866172,2014-04-17
80211A138337A7DA452C7755E0405CBC,2014-05-11
2384EBF43CE7970CE7C8E001D1C6E89B,2016-03-13
2952491E940C9040B188B3C9095910D6,2016-01-03
1DB816F2929C2F803C73E9BF4E81CAA1,2014-02-28
1068572243CD768F5841A4D9F283B82F,2014-04-25
76EA917C5C47A28EE05C90F336D32723,2014-02-20
DBEED8FD0E7F5E0D1BAF1F86F4983459,2014-04-16
24F5AA769BB17A5F3651EF98D3E9C49B,2014-11-29
4EB99C02D65F83FD36B8A89396C4C33B,2014-04-11
9FA12F61926BD21A5AB6B5EAFD5C5A4B,2015-01-28
D69F76AF13C08FDF654216FAECCE9ACE,2014-01-31
F440F34B25A9A3F820844E851D365692,2016-03-16
6BE479A4474BF6DA432D7528CF4B50D2,2014-06-20
8D913FE0EF4707206FA433725A2116D7,2014-05-31
834E730D85264EE3D1201DB7E359D010,2014-11-29
97AE04D40D077ACDA6949307FB8EE2DC,2014-05-26
A87D17DE90DA14049F54A9400B6D2E1B,2014-01-26
D47D10DF53F263392B1E08BC8351216B,2014-11-02
F292F53A161974F0A2D6E906479E378B,2014-06-28
30C62896BD4C8E9C95323A6867974C18,2014-03-17
689835C42FB9156FD72F19B21E61F75E,2016-03-06
2143B613390B4E9BBCC41F129C3895A7,2016-04-20
A367AF6463332272F55C69E08ECC1DBB,2015-06-09
1146F3143179A7CC8AB462B9865EBEC4,2014-09-10
EFA60702AC5BB4F3FB72697E3EACF20E,2014-09-05
31FF2F8F055F2EA4194C7EB86E02B82A,2015-05-06
28DA01CB1C6DA08A5BE3636A1A65F0AC,2016-05-30
451D2A0F38FB0ACDC15CE8957EB223E5,2016-04-29
432EF6400260E54CCB17158CD82AAE67,2016-01-01
5AF80730EA5740BC047E818D85D8C725,2015-07-26
3B6B6A399913A1C04617863D1F4FF456,2014-01-16
98F9B98ED1605CA31EDE8CE518DF5D73,2014-06-18
C4BA593D56C93CD75458A9FF7F211C8C,2014-05-26
BF2A390AC87CA55555B99B3EB23D4675,2015-06-01
FA375DB1E2713619F458A8CE15DB1093,2016-04-19
DE48C31AC8B96F050FFED2AA7316A487,2016-04-30
0E4557E162DDEFB72BEA9BAAAD348956,2014-01-26
989EBD2AC60244DB63AB9F4C05576D22,2015-01-17
2A52ED1A0FC04FA0FE673D2733D530E4,2014-06-12
A5E0C4C91C9359666EF27DFD4AD0199F,2014-05-31
BB6A18A1CAC2AF60F03C786A9C36D912,2014-12-11
0CC61E86A76439E47FF39A1FD474A7BB,
945C3999D43F2AD386AAFBC958E9ED50,2014-03-22
A976F3451DD43DC8C8735C4AE5FDD3FF,2014-07-05
3B3135841A64C631A79D08F1B90218F7,2014-09-21
28AFEF32E8E5CBFC91B042E59EF73021,2014-02-15
1C7BC3341331798E62B2150FCAD09A88,2014-03-07
B2658D636BFE63DC73A7196AFED73E97,2014-10-22
A6E88F3094214717858ECB625542BADC,2014-09-09
43DC06FE3A6A2D27A84AA7FEF8A8F15A,2014-08-26
A81DFAD50EB9F53D7BA8560624C090B1,2015-07-19
103CF07914B7C06339FF1EDD06173BA5,2014-07-15
557B27600DBDAD7430CDB0EDB34C446E,2014-05-27
18897A0A27D73AC6D12424820753C8B4,2014-10-06
7428ECD5DD0657B117393E0B7A4AD218,2015-06-26
68EF086A07971F32AE5E61FC38A9EBFC,2014-05-26
D00DE03F0F4F5E540BACF64FDEE8646B,2016-03-23
D96A99498FB941DE809878AEB569AA12,2016-04-15
588AC4CE39A09E67BCCE005DBAB432B1,2014-04-11
6DA1586D9B0107AC594C99D2EB25A439,2014-06-25
CCDFA4DC34E70FFD882ADA038232516A,2014-09-03
5468F8D4032B09C08FCC4F48748640E2,2016-06-04
0AE0F9BE24DB6473B4189122ADCAA6E1,2016-05-25
2A9DDD7B7E3DBF7AAABE3F5417861356,2015-07-15
9C32BE81F728AAD0FCED1FD4DF4494CD,2014-09-20
87A15323529787D95C0C795A6FD14388,2015-01-27
29DBF9558F2B1FC24341EE68055668B5,2015-12-17
C43AC838FD526395DDD9E8F37A8E0A07,2014-03-17
98D7D607C6F7F93B2626DDD1B11612BC,
022C99F1387AF70A95406C82F0A74E00,2016-06-29
6D4E94742005B4719892D69BEDE1C7F7,2016-01-02
A444D948B3763D89C39AF24A11A48C8F,2016-03-31
85D8CBFE2E6962B74B7B8CB3BED5E265,2014-10-30
5CBA02C74490B0520CC203065D1E480F,2014-06-21
A41D41AEF4F421A39DFAAB822ED0165E,2014-06-10
A4E4034391032EB8E1E44B493D868A0D,2014-07-02
82B5C45A4D4CA08B4AFE134A29ED33B3,2014-05-12
76C72A8D794F685951C615FFE8915811,2016-06-19
79460FE8E7F050420AD99509718FDA8D,2014-04-11
536D6556134C5798C79862E496FF3AAC,2016-03-11
6CEF3C45F8A5A992B8EA4C8F0ABDA1A6,2016-01-08
EEE75F56CAC4133E17BE105D43336568,2014-04-26
95F044D521C90EB49A9F337118DB9A96,2014-08-18
3A7C66661A435B187FC48EBA9815C59E,2016-04-03
FE4153A71A7296019AC185101703B334,2014-08-29
5495D3AB84C1B5181B05E4EE0C595C14,2016-04-07
C9E4B64FC56B46605A0EB64162DCD26B,2014-11-01
213739D4D4F5A3E76DFC3FD3FEDEA015,2014-01-21
FC90BE49A5E554269B8CB2BCCCC92341,2014-03-27
84EEE164B69442E1F42DCDA6D466F01E,2016-03-31
02DB9B4E3A316D755A1895AB101D890A,2014-01-26
38663D8D847562041186378BBBB4F4B4,2016-01-31
D9558965D9C259BBD701D492CCEF059D,2016-07-30
45C64D484FC7B1A767557CF0674330E0,2016-02-25
E1D46EE9462FC898F38A56D3B58D8F1B,2014-06-19
70DD1542E830EF5B561E148260512AC6,2016-05-05
381F0EB81D22516673E1F9098CA4109F,2014-05-29
708DD1280CE25F05F4D8092A3815C85C,2014-05-16
BD32332D3E03A6FDE49FC48BCA70C1B2,2014-02-10
24A790C33AFE8931D75859787E2A6C73,2016-03-31
0A8FF0F7EE68CE6D37523985592CD5DE,2016-07-01
BBEC2E317856832882AC713A8F3723F4,2014-05-26
